{"cameraMode":{"drawMode":0,"name":"Shaded","section":"Shading Mode"},"sceneLighting":true,"audioPlay":false,"sceneViewState":{"m_AlwaysRefresh":false,"showFog":true,"showSkybox":true,"showFlares":true,"showImageEffects":true,"showParticleSystems":true,"showVisualEffectGraphs":true,"m_FxEnabled":true},"in2DMode":false,"pivot":{"x":2.5839240550994875,"y":-9.372932434082032,"z":29.56717300415039},"rotation":{"x":-0.20142331719398499,"y":-0.0008842762908898294,"z":0.0001830377004807815,"w":-0.9795078635215759},"size":17.60118293762207,"orthographic":false}